"ID","FirstName","LastName","Email","Mobile No","Age","Department Name","Subject Name"
"1","chandruvasan","chandru","chandruvasan@gmail.com","8703867264","12","Biology","Tamil, English, Maths, Physics, Chemistry, Botany, Zoology"
"3","divyasri","divya","divya@gmail.com","2809479023","12","Biology","Tamil, English, Maths, Physics, Chemistry, Botany, Zoology"
"5","megna","megna","megna@gmailc.om","9034793658","11","Accounts","Tamil, English, Maths, Physics, Chemistry, Botany, Zoology"
"7","achu","achu","ach123u@gmail.com","5018465890","11","History","Tamil, English, Maths, Physics, Chemistry, Botany, Zoology"
"8","geetharani","geethaarani","geetharani@gmail.com","8903675865","16","Science","Tamil, English, Maths, Physics, Chemistry, Botany, Zoology"
"9","kani","kani","kani@gmail.com","7894390243","12","Biology","Tamil, English, Maths, Physics, Chemistry, Botany, Zoology"
"10","abarna","abarna","abarna@gmail.com","8012759023","12","Science","Tamil, English, Maths, Physics, Chemistry, Botany, Zoology"
"11","Abi","Abi","abi@gmail.com","5610659023","12","History","Tamil, English, Maths, Physics, Chemistry, Botany, Zoology"
"12","Meena","Meena","meena@gmail.com","6381247522","21","Science","Tamil, English, Maths, Physics, Chemistry, Botany, Zoology"
"13","Vimal","Palanivel","vimal@gmail.com","6936507295","20","Computer Science","Tamil, English, Maths, Physics, Chemistry, Botany, Zoology"
"14","rubi","rubi","rubi@gmail.com","8920488013","11","Science","Tamil, English, Maths, Physics, Chemistry, Botany, Zoology"
"15","puvi","puvi","puvi@gmail.com","8075478298","12","Science","Tamil, English, Maths, Physics, Chemistry, Botany, Zoology"
"16","ananthi","ananthi","ananthi@gmail.com","9047289035","12","Science","Tamil, English, Maths, Physics, Chemistry, Botany, Zoology"
"17","shalini","shalini","shalini@gmail.com","7043902575","11","Biology","Tamil, English, Maths, Physics, Chemistry, Botany, Zoology"
"18","priya","priya","priya@gmail.com","1054804386","10","Computer Science","Tamil, English, Maths, Physics, Chemistry, Botany, Zoology"
"19","seetha","seetha","seeta@gmail.com","7645959887","12","Science","Tamil, English, Maths, Physics, Chemistry, Botany, Zoology"
"20","karan","karan","karan@gmail.com","9054891265","21","Computer Science","Tamil, English, Maths, Physics, Chemistry, Botany, Zoology"
"21","sana","sana","sana@gmail.com","5409127854","21","Biology","Tamil, English, Maths, Physics, Chemistry, Botany, Zoology"
"22","tamil","tamil","tamil@gmail.com","7823780746","21","Science","Tamil, English, Maths, Physics, Chemistry, Botany, Zoology"
"23","mano","mano","mano@gmail.com","90237582911","12","Commerce","Tamil, English, Maths, Physics, Chemistry, Botany, Zoology"
"24","ram","ram","raman@gmail.com","1953092680","12","Science","Tamil, English, Maths, Physics, Chemistry, Botany, Zoology"
"25","crazy","crazy","crazy@gmail.com","1065092748","21","Computer Science","Tamil, English, Maths, Physics, Chemistry, Botany, Zoology"
"26","daisy","daisy","daisy@gmail.com","7053901275","12","Computer Science","Tamil, English, Maths, Physics, Chemistry, Botany, Zoology"
"27","mayil","mayil","mayil@gmail.com","3905489124","12","Science","Tamil, English, Maths, Physics, Chemistry, Botany, Zoology"
"28","roja","roja","roja@gmail.com","8348738754","21","Science","Tamil, English, Maths, Physics, Chemistry, Botany, Zoology"
"29","raju","raju","raju@gmail.com","84627861","12","Biology",""
"30","alex","alex","alex@gmail.com","5278955259","20","History",""
"31","kamal","kamal","kamal@gmail.com","5632791535","21","Commerce",""
"34","kanna","kanna","kanna@gmail.com","4286128965","20","Biology",""
"35","veni","veni","veni@gmail.com","4286128964","21","Commerce",""
"36","pandi","pandi","pandi@gmail.com","4286428964","21","Commerce",""
"37","rohini","rohini","rohini@gmail.com","788523984","21","Commerce",""
"38","sam","sam","sam@gmail.com","7631952486","12","Commerce","Tamil, English, Maths, Physics, Chemistry, Botany, Zoology"
"39","samu","samu","samu@gmail.com","7635239745","12","Commerce","Tamil, English, Maths, Physics, Chemistry, Botany, Zoology"
"40","ramu","ramu","ramu@gmail.com","5319823657","12","Science","Tamil, English, Maths"
"41","theja","theja","theja@gmail.com","7623954128","21","Commerce","Tamil, English, Maths"
"42","thirisha","thirisha","thirisha@gmail.com","763210958","12","Commerce","Tamil, English, Maths, Physics, Chemistry, Botany, Zoology"
"43","reka","reka","reka@gmail.com","902583586","18","Science","Tamil, English, Maths, Physics, Chemistry, Botany, Zoology"
"44","keerthi","keerthi","keerthi@gmail.com","9054892475","15","Biology","Tamil, English, Maths, Physics, Chemistry, Botany, Zoology"
"45","usha","usha","usha@gmail.com","6043755290","20","Science","Tamil, English, Maths, Physics, Chemistry, Botany, Zoology"
"46","megala","megala","megala@gmail.com","5321698567","21","Biology","Tamil, English, Maths, Physics, Chemistry, Botany, Zoology"
"47","aruna","aruna","aruna@gmail.com","8321956321","12","History","Tamil, English, Maths, Physics, Chemistry, Botany, Zoology"
"48","honey","honey","honey@gmailc.om","9032693658","15","Commerce","Tamil, English, Maths, Physics, Chemistry, Botany, Zoology"
"49","jeni","jeni","jeni@gmail.com","4319257610","12","Biology","Tamil, English, Maths"
"50","sumithkumar","sumith","sumithkumar@gmail.com","6902589023","21","Commerce","Tamil, English, Maths, Physics, Chemistry, Botany, Zoology"
"51","ram","ram","ram@gmail.com","5790346980","21","Science","Tamil, English, Maths, Physics, Chemistry, Botany, Zoology"
"52","thara","thara","thara@gmail.com","6902689053","21","Computer Science","Tamil, English, Maths, Physics, Chemistry, Botany, Zoology"
"53","agalya","agalya","agalya@gmail.com","5037910658","17","Biology","Tamil, English, Maths, Physics, Chemistry, Botany, Zoology"
"54","sangeetha","sangeetha","sanggetha@gmail.com","4603253014","19","History","Tamil, English, Maths, Physics, Chemistry, Botany, Zoology"
"55","ruban","ruban","ruban@gmail.com","7531095301","12","Science","Tamil, English, Maths, Physics, Chemistry, Botany, Zoology"
